id,finalidade,base_legal_lgpd,titulares,dados_pessoais,dados_de_menores_ou_sensiveis,origem,operadores_e_destinatarios,transferencia_internacional,retencao,medidas_de_seguranca,onde_no_codigo
T01,Criar e autenticar a conta (login por e-mail e senha ou Google; 2FA),"art. 7º, V (execução de contrato); para menores, art. 14 (melhor interesse; consentimento do responsável abaixo de 12)",usuários com conta,"e-mail, identificador da conta, hash de senha (no Supabase), fatores de 2FA, data de nascimento",pode haver menores (app aberto a todos),titular,Supabase (Auth); Resend (e-mail de confirmação e recuperação); Google (se o titular escolher login Google),"sim — Supabase e Resend: EUA, cláusulas-padrão (Res. CD/ANPD 19/2024); projeto Supabase em sa-east-1 (São Paulo)",enquanto a conta existir; excluída na exclusão da conta (desvínculo pela Admin API),"JWT ES256 verificado por JWKS, exp obrigatório, 2FA com AAL2 nas rotas sensíveis, rate limit de 401, HTTPS","server/lib/auth.ts, server/lib/aal.ts, src/lib/auth.ts"
T02,"Guardar o conteúdo de estudo do titular (sessões, transcrições, vocabulário, revisões, progresso)",art. 7º V (execução de contrato),usuários com conta,"texto transcrito e traduzido, vocabulário, histórico de revisão, resultados de exercícios, preferências",pode conter dado sensível se o titular o falar/escrever; pode haver menores,titular,Fly.io (servidor e volume em GRU); Cloudflare R2 (cópias de segurança),"Fly.io: processamento em São Paulo, empresa nos EUA (cláusulas-padrão); R2: Cloudflare, cláusulas-padrão",enquanto a conta existir; backups: 7 dias (Litestream) e 30 dias (snapshot diário),"isolamento por usuário em toda consulta (teste de IDOR), backup cifrado em trânsito, acesso ao servidor só por token de deploy","server/db/*, server/operacao/snapshot.ts, litestream.yml"
T03,Guardar o áudio gravado da sessão,art. 7º V (execução de contrato),usuários com conta que gravam,"voz (áudio) do titular e de quem estiver na gravação",voz é biométrico só se usada para identificar — aqui NÃO é (identificação de falante roda no navegador); terceiros gravados,titular,Cloudflare R2 (bucket de mídia),"sim — Cloudflare, cláusulas-padrão",enquanto a sessão/conta existir; excluído na exclusão da sessão ou da conta,"bucket privado, URL servida só pelo servidor autenticado, teto de armazenamento por plano","server/lib/armazenamento.ts, server/routes/sessions.ts"
T04,Transcrever e traduzir na nuvem (planos pagos) e responder no tutor de IA,art. 7º V (execução de contrato),usuários de plano pago; usuários do tutor,"áudio de trechos, texto a traduzir, mensagens ao tutor",conteúdo livre (pode conter dado sensível); pode haver menores,titular,Groq (principal); OpenRouter (reserva) — os dois com retenção zero ligada,"sim — EUA, cláusulas-padrão; retenção zero (ZDR) nos dois painéis",não guardado pelos provedores (ZDR); no nosso lado só o resultado que o titular salvar,"prompts definidos no servidor, teto de tokens por plano e orçamento global, chave de emergência AI_ENABLED, logs sem conteúdo","server/ai/*, src/gateway/*"
T05,Cobrar a assinatura e emitir o registro fiscal,"art. 7º V (contrato) e II (obrigação legal — fiscal)",assinantes (adultos; o responsável paga pela conta do menor),"nome, CPF/CNPJ, e-mail, identificadores de cliente/assinatura/pagamento no Asaas, eventos de cobrança",não — o pagador é sempre adulto,titular (direto no checkout do Asaas),Asaas (instituição de pagamento),não — Asaas no Brasil,"eventos de cobrança: 5 anos (fiscal); CPF não é guardado por nós","webhook autenticado e conferido na API do Asaas (GAP-011), idempotência por id","server/routes/billing.ts, server/lib/asaas.ts"
T06,Registrar e investigar erros do app,art. 7º IX (legítimo interesse — manter o serviço funcionando),todos os usuários com conta,"mensagem técnica do erro, tela da SPA, id da requisição — REDIGIDOS (sem e-mail, token, parâmetro de SQL)",não,sistema,Sentry (erros); Fly.io (log do servidor),"sim — Sentry (EUA/UE conforme a região do projeto), cláusulas-padrão","diário em disco: 14 dias; Sentry: 30 dias (plano Developer)","allowlist de campos + redação antes de sair; IP não inferido (infer_ip never + opção do projeto)","server/lib/logger.ts, server/lib/sentry.ts, src/core/redacao.ts"
T07,"Proteger o serviço contra abuso (rate limit, WAF, bloqueio de força bruta)",art. 7º IX (legítimo interesse — segurança),todos os visitantes,"endereço IP (efêmero, no contador), cabeçalhos da requisição",não,sistema,Cloudflare (WAF e rate limit na borda); Fly.io,"sim — Cloudflare e Fly, cláusulas-padrão",contadores: janela de 1 a 15 minutos; logs da Cloudflare conforme o plano Free,"contadores no banco sem guardar histórico; ORIGEM_SEGREDO fecha o acesso direto","server/lib/rateLimitStore.ts, server/http/origemProtegida.ts"
T08,Ranking público dos jogos,"art. 7º I (consentimento — o titular escolhe publicar)",quem envia pontuação,"apelido escolhido, pontuação, hash da origem (não o IP)",pode haver menores — apelido nunca é o nome real sugerido,titular,nenhum,não,enquanto o placar existir,"hash com chave do servidor (CHAVE_DE_HASH), um envio por minuto por origem",server/routes/rank.ts
T09,Monitorar a disponibilidade e o backup,art. 7º IX (legítimo interesse),nenhum titular (sonda do sistema),nenhum dado pessoal,não,sistema,UptimeRobot,sim — sem dado pessoal,não se aplica,sondas só em /api/ready e no heartbeat,".github/workflows/uptime.yml, server/operacao/snapshot.ts"
T10,Exportar e excluir a conta a pedido (direitos do titular),art. 18 (direitos do titular),usuários com conta,todos os dados de T01–T08 do próprio titular,idem T01–T08,titular,Supabase (desvínculo do login); Asaas (cancelamento da assinatura),idem,exclusão física imediata; backups saem no ciclo de retenção (até 30 dias),"exige AAL2 de quem tem 2FA; confirmação explícita; relatório do que falhou",server/routes/me.ts
